W=_W+,noChange,allChange,noWaiting
numA=10,numB=10
14_14,271.8,275.7,271.8
14_16.8,269.5,276.8,269.5
14_19.6,260.6,265.9,257.4
14_22.400000000000002,272.6,272.8,271.3
14_25.200000000000003,277.8,269.5,276.7
14_28.000000000000004,300.3,278.0,289.9
14_30.800000000000004,296.5,273.7,282.0
14_33.6,317.8,284.1,299.8
14_36.4,308.3,276.3,295.1
14_39.199999999999996,344.3,283.7,317.4
14_41.99999999999999,358.6,279.7,343.4
